,lat,lon,alt,secs
3954,41.2650439211338,1.99639614204658,27.1054008673728,0.0
3955,41.2650439903573,1.9963961061125,27.470200879046402,0.19
3956,41.2650440315496,1.99639607788296,27.6072008834304,0.29
3957,41.2650441210962,1.99639599096333,27.711000886752004,0.4
3958,41.2650440823994,1.99639585897331,27.8713008918816,0.59
3959,41.2650441219258,1.99639590419329,27.9106008931392,0.69
3960,41.2650440967599,1.99639584897223,27.925400893612803,0.85
3961,41.2650440511284,1.9963957941914,27.940500894096004,0.99
3962,41.2650440654392,1.99639582223288,27.940300894089603,1.09
3963,41.2650441046171,1.99639585536466,27.962800894809604,1.25
3964,41.2650442744899,1.99639616565881,27.942600894163203,1.39
3965,41.2650443962226,1.99639612007555,27.8964008926848,1.59
3966,41.2650442974265,1.99639621989828,27.863700891638402,1.79
3967,41.2650441795899,1.99639636453781,27.8534008913088,1.99
3968,41.2650439345709,1.99639678687824,27.828300890505602,2.19
3969,41.2650437696682,1.99639710871495,27.8611008915552,2.39
3970,41.2650436372708,1.99639733049813,27.9022008928704,2.49
3971,41.2650434953145,1.996397666097,27.8939008926048,2.62
3972,41.2650431961913,1.99639856872997,27.9197008934304,2.79
3973,41.2650431209881,1.99639939923266,27.864700891670402,2.99
3974,41.2650430745864,1.99639958090895,27.883300892265602,3.09
3975,41.2650430116356,1.99639974361026,27.841100890915204,3.24
3976,41.2650428431788,1.996399724943,27.809700889910403,3.39
3977,41.2650424437744,1.99640026115041,27.8193008902176,3.58
3978,41.2650421895002,1.99640075073171,27.805400889772798,3.68
3979,41.2650419605499,1.99640132905619,27.7903008892896,3.84
3980,41.2650412123117,1.99640270769065,27.7944008894208,3.98
3981,41.2650404979801,1.99640441311106,27.7878008892096,4.18
3982,41.2650396214913,1.99640615587169,27.7871008891872,4.38
3983,41.265039143968,1.99640697883794,27.785500889136,4.48
3984,41.2650387210415,1.99640771092545,27.7625008884,4.64
3985,41.2650380146022,1.99640882798896,27.7442008878144,4.78
3986,41.265037372626,1.99640983635128,27.732000887424,4.98
3987,41.2650370937061,1.99641043991496,27.720300887049603,5.18
3988,41.2650368904746,1.99641071287033,27.729600887347203,5.38
3989,41.2650369071699,1.9964106376115,27.7181008869792,5.58
3990,41.2650370244496,1.99641049218556,27.7452008878464,5.78
3991,41.2650372214502,1.99641046415974,27.7603008883296,5.92
3992,41.2650374092175,1.99641030894642,27.7664008885248,6.04
3993,41.265037553566,1.99641000301883,27.764400888460802,6.16
3994,41.2650377629994,1.99640947567705,27.7088008866816,6.28
3995,41.2650378194022,1.99640911669531,27.703300886505602,6.38
3996,41.2650378342919,1.99640881104411,27.721100887075202,6.58
3997,41.2650377377887,1.99640871562357,27.7092008866944,6.68
3998,41.2650375031567,1.99640875221156,27.710000886720003,6.83
3999,41.2650370994578,1.99640860696512,27.707300886633604,6.98
4000,41.2650367387574,1.99640853569248,27.701600886451203,7.08
4001,41.265036308702,1.99640849335458,27.7143008868576,7.23
4002,41.2650350253481,1.99640829982373,27.710800886745602,7.38
4003,41.2650329047031,1.99640805939039,27.705900886588804,7.58
4004,41.2650298929792,1.99640788447979,27.690400886092803,7.78
4005,41.2650260045887,1.99640772110034,27.6652008852864,7.98
4006,41.2650215266995,1.99640768674906,27.644600884627202,8.18
4007,41.2650192511567,1.99640759045947,27.6304008841728,8.28
4008,41.2650170309149,1.99640750918005,27.5923008829536,8.38
4009,41.2650125379126,1.99640749582533,27.583200882662403,8.57
4010,41.2650076429499,1.99640742560408,27.551100881635204,8.78
4011,41.2650024690267,1.99640746589618,27.5338008810816,8.97
4012,41.2649969599356,1.99640743517206,27.524300880777602,9.17
4013,41.2649910349854,1.99640732508327,27.5036008801152,9.37
4014,41.2649850010565,1.99640732742825,27.4603008787296,9.57
4015,41.264978675115,1.99640746775108,27.4233008775456,9.77
4016,41.264972095843,1.99640746134868,27.4002008768064,9.97
4017,41.2649653507758,1.99640743878214,27.391900876540802,10.17
4018,41.2649583477892,1.99640743892746,27.3823008762336,10.37
4019,41.2649511028875,1.99640738490169,27.369600875827203,10.57
4020,41.2649436615693,1.99640740948838,27.348500875152002,10.77
4021,41.2649358574143,1.99640755380879,27.359500875504,10.97
4022,41.2649318269763,1.99640752049466,27.335000874720002,11.07
4023,41.2649279599755,1.99640747727632,27.332000874624004,11.23
4024,41.264919913013,1.9964073871327,27.308600873875204,11.37
4025,41.2649115755882,1.99640723065998,27.2853008731296,11.57
4026,41.2649030853892,1.99640717530928,27.251600872051203,11.77
4027,41.2648987333792,1.99640714687886,27.2332008714624,11.91
4028,41.2648945225617,1.99640709067907,27.2303008713696,12.03
4029,41.264885658941,1.99640698588714,27.2196008710272,12.17
4030,41.2648760084041,1.99640721468105,27.188200870022403,12.37
4031,41.2648668902902,1.99640714543996,27.187500870000004,12.57
4032,41.2648577976712,1.99640692270653,27.1696008694272,12.77
4033,41.2648483809658,1.99640688854615,27.177000869664,12.97
4034,41.2648435542578,1.99640685367345,27.16500086928,13.07
4035,41.2648389954354,1.99640685450545,27.1351008683232,13.22
4036,41.2648295456009,1.99640679610029,27.1398008684736,13.37
4037,41.2648246856075,1.99640679764461,27.1419008685408,13.47
4038,41.2648199212103,1.99640675429806,27.1752008696064,13.62
4039,41.264810485172,1.99640671015084,27.1703008694496,13.77
4040,41.2648012473349,1.99640680615835,27.1616008691712,13.96
4041,41.2647964633052,1.99640678109297,27.1451008686432,14.06
4042,41.2647919326874,1.99640676113355,27.161500869168,14.22
4043,41.2647826166849,1.99640673821085,27.1543008689376,14.36
4044,41.2647733045908,1.9964068276336,27.1674008693568,14.56
4045,41.264764130745,1.99640687961642,27.1548008689536,14.76
4046,41.2647550634125,1.99640665112738,27.1459008686688,14.96
4047,41.2647458972269,1.99640661322301,27.1218008678976,15.16
4048,41.2647366945642,1.99640649048328,27.127100868067203,15.36
4049,41.2647320078503,1.99640651242866,27.1516008688512,15.46
4050,41.264727561651,1.9964065438708,27.151000868832,15.62
4051,41.2647185391854,1.99640662253741,27.1602008691264,15.76
4052,41.2647094570275,1.99640676221914,27.1506008688192,15.96
4053,41.264700505067,1.99640690716355,27.145500868656,16.16
4054,41.2646914687922,1.99640692787233,27.1619008691808,16.36
4055,41.2646825853045,1.99640681047221,27.190700870102404,16.56
4056,41.2646736983776,1.99640666251893,27.201400870444804,16.76
4057,41.2646647477719,1.9964064548783,27.1807008697824,16.96
4058,41.2646556181938,1.99640629773884,27.155500868976,17.16
4059,41.264646346485,1.99640596764626,27.1627008692064,17.36
4060,41.2646374277708,1.99640559736985,27.114600867667203,17.56
4061,41.2646285490252,1.99640510964203,27.061000865952003,17.76
4062,41.2646195786958,1.99640468607213,27.0199008646368,17.96
4063,41.2646148964894,1.99640450028001,26.983000863456002,18.06
4064,41.2646104709518,1.99640433003657,26.976500863248003,18.22
4065,41.2646015435874,1.99640388602857,26.933800861881604,18.36
4066,41.2645925856602,1.9964037444264,26.946600862291202,18.56
4067,41.2645835172855,1.9964036643152,26.982100863427203,18.76
4068,41.2645746162367,1.99640363490747,26.9623008627936,18.96
4069,41.264565628737,1.9964035934728,26.928800861721605,19.16
4070,41.2645564904825,1.99640339099797,26.878600860115203,19.36
4071,41.2645473097582,1.9964032219313,26.8574008594368,19.56
4072,41.2645383439364,1.99640326008356,26.8207008582624,19.76
4073,41.2645291244421,1.99640340277132,26.849600859187202,19.96
4074,41.264524459432,1.99640344578165,26.842000858944,20.06
4075,41.2645200456974,1.99640349015111,26.833800858681602,20.21
4076,41.2645112483479,1.99640367550444,26.822200858310403,20.36
4077,41.2645066806276,1.9964037543648,26.819200858214398,20.46
4078,41.2645023487061,1.99640382229235,26.845400859052802,20.61
4079,41.2644937655295,1.99640402818065,26.8738008599616,20.76
4080,41.2644847689627,1.99640417026151,26.844200859014403,20.95
4081,41.264475342695,1.99640406637566,26.8598008595136,21.16
4082,41.2644661833359,1.99640414499952,26.834700858710402,21.36
4083,41.2644572450804,1.9964041448713,26.8388008588416,21.55
4084,41.2644482778516,1.99640433562977,26.811500857968,21.76
4085,41.2644391987422,1.9964045397743,26.810400857932798,21.95
4086,41.2644298848763,1.99640478598319,26.770800856665602,22.16
4087,41.2644203545446,1.99640475902017,26.81000085792,22.36
4088,41.264410238442,1.99640471954013,26.8508008592256,22.55
4089,41.2644046691636,1.99640483577773,26.8812008601984,22.7
4090,41.2643991498067,1.99640492338547,26.894400860620802,22.81
4091,41.2643868668053,1.99640507671255,26.975500863216002,22.95
4092,41.2643739888097,1.99640492438843,27.0218008646976,23.15
4093,41.2643605428648,1.99640447992169,27.0523008656736,23.35
4094,41.2643470643511,1.9964035988409,27.066800866137598,23.55
4095,41.2643335347694,1.99640234682836,27.0421008653472,23.75
4096,41.2643198121715,1.99640065294766,27.069000866208004,23.95
4097,41.2643126633805,1.99639967440764,27.056900865820804,24.05
4098,41.2643058361095,1.99639865585476,27.0476008655232,24.21
4099,41.2642917540553,1.99639621664579,27.0377008652064,24.35
4100,41.2642773427168,1.99639343376871,27.081500866608003,24.55
4101,41.2642627300765,1.99638998122538,27.1279008680928,24.75
4102,41.2642479756965,1.99638581732255,27.1216008678912,24.95
4103,41.2642330861426,1.996381016824,27.133500868272,25.15
4104,41.2642178383309,1.99637574396966,27.1272008680704,25.35
4105,41.2642031627415,1.99636989670364,27.1441008686112,25.55
4106,41.2641883307173,1.99636337745703,27.1673008693536,25.75
4107,41.2641733014559,1.99635615563819,27.206100870595204,25.95
4108,41.264158184493,1.99634826530281,27.2426008717632,26.15
4109,41.2641430458523,1.99633958970609,27.253500872112003,26.35
4110,41.2641284191423,1.99633007222939,27.2592008722944,26.55
4111,41.2641138067104,1.99631982817859,27.244600871827203,26.75
4112,41.2640994530579,1.99630869092035,27.1821008698272,26.95
4113,41.2640852351003,1.99629687984013,27.1544008689408,27.15
4114,41.2640713795171,1.99628428314242,27.1228008679296,27.35
4115,41.2640576379511,1.99627085992251,27.080500866576003,27.55
4116,41.2640443084726,1.99625674141963,27.065100866083203,27.75
4117,41.264031356272,1.99624156377117,27.0501008656032,27.95
4118,41.2640248250912,1.99623354403436,27.0358008651456,28.14
4119,41.2640123034251,1.99621748623399,27.0051008641632,28.25
4120,41.264006321069,1.99620946608688,26.9796008633472,28.35
4121,41.2639943675084,1.99619252016792,26.9181008613792,28.55
4122,41.263988398701,1.99618339808999,26.8801008601632,28.69
4123,41.2639828042533,1.99617457229474,26.870100859843202,28.8
4124,41.263971561059,1.99615601061176,26.856300859401603,28.95
4125,41.2639608405302,1.99613708879877,26.839400858860802,29.15
4126,41.2639505928494,1.99611736952084,26.819700858230398,29.34
4127,41.2639409934195,1.99609715070186,26.7949008574368,29.54
4128,41.263931961053,1.99607618358564,26.7721008567072,29.75
4129,41.2639233401486,1.99605463865211,26.7936008573952,29.94
4130,41.2639152801585,1.99603269239894,26.817600858163203,30.15
4131,41.2639114300479,1.99602128629119,26.823400858348798,30.28
4132,41.2639078945788,1.99601024851945,26.843000858976,30.4
4133,41.2639007281745,1.99598656956658,26.9197008614304,30.54
4134,41.2638949251818,1.99596394745703,26.954100862531202,30.74
4135,41.2638901554302,1.99594120038814,27.0489008655648,30.94
4136,41.2638877260523,1.99592910809811,27.065900866108798,31.04
4137,41.2638855614985,1.99591754929012,27.06000086592,31.2
4138,41.2638813957043,1.9958935144698,27.1624008691968,31.34
4139,41.2638780691971,1.99586942384859,27.1719008695008,31.54
4140,41.263875305897,1.99584520174881,27.150800868825602,31.74
4141,41.2638730141942,1.99582055302751,27.1738008695616,31.94
4142,41.2638720651631,1.99580802709527,27.1728008695296,32.04
4143,41.2638712791328,1.99579610352999,27.1673008693536,32.2
4144,41.2638699470916,1.99577165084123,27.196300870281604,32.34
4145,41.2638691539742,1.99574711531733,27.188700870038403,32.54
4146,41.2638687589789,1.99572277354652,27.153000868896,32.74
4147,41.2638685716948,1.99569826432745,27.1568008690176,32.94
4148,41.263868540116,1.99567305818991,27.112700867606403,33.14
4149,41.2638688911304,1.99564932120228,27.1087008674784,33.34
4150,41.263869282478,1.99562570242684,27.0887008668384,33.54
4151,41.2638698022252,1.99560151761883,27.0724008663168,33.74
4152,41.2638701209313,1.99558908970285,27.080500866576003,33.84
4153,41.263870431925,1.99557710390864,27.0447008654304,34.0
4154,41.2638710336937,1.99555302792148,27.0352008651264,34.14
4155,41.2638713382257,1.99554072701635,27.0051008641632,34.24
4156,41.2638716060722,1.99552903654744,27.021000864672,34.34
4157,41.2638722525514,1.99550483920247,26.957100862627204,34.54
4158,41.2638730488996,1.99548085576091,26.9134008612288,34.74
4159,41.2638736382661,1.99545705221339,26.881900860220803,34.94
4160,41.2638741761476,1.99543309111042,26.8863008603616,35.14
4161,41.2638744866203,1.99540917431993,26.828900858524804,35.33
4162,41.2638746953738,1.99539680767552,26.792000857344,35.43
4163,41.2638748857845,1.99538503642296,26.7621008563872,35.59
4164,41.2638752314836,1.99536084308981,26.6837008538784,35.73
4165,41.2638756472188,1.99533683575964,26.6438008526016,35.93
4166,41.2638758285623,1.99531291842207,26.5533008497056,36.13
4167,41.2638760098016,1.99528876429544,26.5514008496448,36.33
4168,41.263876268164,1.99526474520331,26.5202008486464,36.53
4169,41.263876361754,1.99525253967029,26.5036008481152,36.63
4170,41.2638764249116,1.99524092524377,26.501500848048,36.79
4171,41.2638763065172,1.99521707410138,26.479000847328003,36.93
4172,41.2638761927085,1.99519303312655,26.3859008443488,37.13
4173,41.2638760785871,1.99516901494619,26.339500842864002,37.33
4174,41.2638761128756,1.99514482489545,26.289500841264,37.53
4175,41.2638763199616,1.99512085403645,26.246000839872003,37.73
4176,41.2638762478411,1.99509663499113,26.1519008368608,37.93
4177,41.2638759330954,1.99507207238738,26.104300835337604,38.13
4178,41.2638758664986,1.99504768639528,26.070500834256,38.33
4179,41.263875881819,1.99502404240914,26.019700832630402,38.53
4180,41.2638758641015,1.99500094384935,25.9439008302048,38.73
4181,41.2638757681145,1.99497702669414,25.917000829344,38.93
4182,41.2638756963066,1.99495318786077,25.890500828496002,39.13
4183,41.2638756137641,1.99492937902493,25.8982008287424,39.33
4184,41.2638754943275,1.99491713173243,25.9023008288736,39.47
4185,41.2638754745256,1.99490555049467,25.920500829456,39.59
4186,41.2638755219459,1.99488181332469,25.8928008285696,39.73
4187,41.2638754880742,1.99485803302754,25.9117008291744,39.93
4188,41.2638754867194,1.99483431236076,25.924500829584,40.13
4189,41.2638755512318,1.99481027147711,25.9256008296192,40.33
4190,41.2638755868752,1.99479805035267,25.9221008295072,40.43
4191,41.2638756297098,1.99478643920855,25.9154008292928,40.58
4192,41.2638758855709,1.99476273367731,25.924000829568,40.73
4193,41.2638759508129,1.99473883120175,25.9071008290272,40.93
4194,41.263875951334,1.99472660260071,25.8944008286208,41.03
4195,41.2638758242893,1.99471501370401,25.8563008274016,41.18
4196,41.2638757733255,1.99469131200224,25.848500827152,41.33
4197,41.2638759937517,1.99466774104961,25.881800828217603,41.53
4198,41.263876043048,1.99464390294567,25.843900827004802,41.73
4199,41.2638759156906,1.99462010933655,25.809000825888,41.93
4200,41.2638758778586,1.99459611513599,25.803500825712,42.13
4201,41.2638758210585,1.99457204270478,25.772100824707202,42.33
4202,41.2638758284581,1.99454771151061,25.740000823680003,42.53
4203,41.2638758460714,1.99453545665033,25.728500823312004,42.63
4204,41.2638758746278,1.99452380502322,25.708900822684804,42.78
4205,41.2638760748352,1.99450020434659,25.729200823334402,42.92
4206,41.2638760238714,1.99448787453806,25.712600822803203,43.02
4207,41.2638759729076,1.99447614741562,25.722500823120004,43.18
4208,41.2638759464356,1.99445187731066,25.707700822646398,43.32
4209,41.263875971657,1.99443926448585,25.6796008217472,43.42
4210,41.263875988228,1.99442735172515,25.682000821824,43.58
4211,41.2638759855183,1.99440374229544,25.6539008209248,43.72
4212,41.2638759686346,1.99437992078588,25.6508008208256,43.92
4213,41.2638758300214,1.99435633068589,25.592400818956804,44.12
4214,41.2638758882806,1.99433246212852,25.5856008187392,44.32
4215,41.2638760395045,1.99430856384714,25.606600819411202,44.52
4216,41.2638760250178,1.99428484372743,25.660700821142402,44.72
4217,41.2638759517509,1.99426177170041,25.6666008213312,44.92
4218,41.263875981141,1.99425022365142,25.6586008210752,45.02
4219,41.2638760000049,1.99423942854973,25.640600820499202,45.18
4220,41.2638759933348,1.99421796544839,25.615500819696003,45.32
4221,41.2638760365863,1.99420749676368,25.5558008177856,45.46
4222,41.2638760481548,1.99419769860144,25.54250081736,45.58
4223,41.2638760202237,1.99417836359288,25.5197008166304,45.72
4224,41.2638762346051,1.99416011724876,25.5282008169024,45.92
4225,41.2638762042769,1.99415126423689,25.5437008173984,46.02
4226,41.2638761682167,1.99414312058928,25.5437008173984,46.18
4227,41.2638761132925,1.99412742595059,25.5708008182656,46.32
4228,41.2638760293951,1.9941127196806,25.596300819081602,46.52
4229,41.263876004278,1.99409899010856,25.65500082096,46.72
4230,41.2638759687388,1.99409241745661,25.687500822,46.9
4231,41.2638760115734,1.99408055174373,25.7509008240288,47.02
4232,41.2638759745751,1.99407513030427,25.7948008254336,47.17
4233,41.263875954669,1.99406507009666,25.8248008263936,47.31
4234,41.2638759599843,1.99405655462548,25.8958008286656,47.52
4235,41.2638763076636,1.99404872955354,25.9188008294016,47.71
4236,41.2638769423659,1.99404136055359,25.9924008317568,47.91
4237,41.2638785259951,1.99403365200705,26.0554008337728,48.11
4238,41.2638810275978,1.99402540168127,26.1292008361344,48.31
4239,41.2638845126243,1.99401735796467,26.179100837731202,48.51
4240,41.263888990246,1.99400957866405,26.221100839075202,48.71
4241,41.263891762509,1.99400581666284,26.239000839648003,48.82
4242,41.2638944787015,1.99400243122646,26.256100840195202,48.97
4243,41.2639006292694,1.99399618936803,26.3017008416544,49.11
4244,41.2639077759759,1.9939910821277,26.3394008428608,49.31
4245,41.2639153703092,1.99398671944632,26.379200844134402,49.51
4246,41.2639232271737,1.99398376236383,26.401600844851203,49.71
4247,41.2639317573021,1.99398174532576,26.4253008456096,49.91
4248,41.2639363053768,1.99398101809063,26.4248008455936,50.01
4249,41.2639406544947,1.99398052645925,26.456500846608,50.17
4250,41.2639495724273,1.99398003537494,26.5182008485824,50.31
4251,41.26395815946,1.99397986195453,26.537000849184,50.51
4252,41.2639664838573,1.99398007822857,26.586900850780804,50.71
4253,41.2639744426493,1.99398065574955,26.6074008514368,50.91
4254,41.2639823518324,1.99398139027892,26.608200851462403,51.11
4255,41.2639904160956,1.99398207247216,26.602500851280002,51.31
4256,41.263997637424,1.99398285623761,26.614000851648,51.51
4257,41.2640040687616,1.99398370711001,26.5699008502368,51.71
4258,41.2640099057302,1.99398453609971,26.5644008500608,51.91
4259,41.264012766268,1.99398492178233,26.5633008500256,52.01
4260,41.2640154361866,1.99398527354677,26.5889008508448,52.17
4261,41.2640210048918,1.99398581642014,26.5567008498144,52.31
4262,41.2640264248745,1.99398639631175,26.498600847955203,52.51
4263,41.2640316696627,1.99398695979133,26.460900846748803,52.71
4264,41.2640366626544,1.99398755791852,26.446200846278405,52.91
4265,41.2640415247453,1.99398808383279,26.445700846262405,53.11
4266,41.2640463904838,1.99398862798265,26.4299008457568,53.31
4267,41.2640513598175,1.99398911177273,26.3814008442048,53.51
4268,41.2640562657851,1.99398966048148,26.3251008424032,53.71
4269,41.2640613569524,1.99399017344849,26.232000839424003,53.91
4270,41.2640639516239,1.99399034942189,26.209000838688002,54.01
4271,41.2640664067442,1.99399050460672,26.174500837584,54.16
4272,41.2640711839996,1.99399071996898,26.070400834252805,54.3
4273,41.2640762584917,1.9939911833352,25.97250083112,54.51
4274,41.2640814452291,1.99399150008731,25.8884008284288,54.7
4275,41.2640865774593,1.99399172438501,25.8114008259648,54.91
4276,41.2640916591425,1.99399189269946,25.6816008218112,55.11
4277,41.2640968577611,1.99399200977192,25.591900818940804,55.3
4278,41.2641021338154,1.99399221200456,25.466500814928004,55.51
4279,41.2641070307159,1.99399254298043,25.3542008113344,55.7
4280,41.2641123235497,1.99399273335993,25.204600806547198,55.91
4281,41.2641151234312,1.99399281815541,25.1202008038464,56.01
4282,41.2641176841268,1.99399292063939,25.0584008018688,56.16
4283,41.2641228929589,1.99399320620866,24.914700797270402,56.3
4284,41.2641281837083,1.99399330012192,24.799500793584002,56.5
4285,41.264133255178,1.99399344017121,24.6334007882688,56.7
4286,41.2641381760492,1.99399342631217,24.513000784416,56.9
4287,41.2641429163063,1.99399361796817,24.391000780512,57.1
4288,41.2641479085685,1.9939938293186,24.2149007748768,57.3
4289,41.2641531623196,1.99399379248272,24.0593007698976,57.5
4290,41.2641587716187,1.99399351056057,23.8869007643808,57.7
4291,41.2641639670586,1.9939935129312,23.737700759606398,57.9
4292,41.2641691947025,1.99399335847579,23.5819007546208,58.1
4293,41.2641744885785,1.99399336741123,23.4403007500896,58.3
4294,41.2641796276351,1.99399311776607,23.3302007465664,58.5
4295,41.2641849438143,1.99399310025991,23.218500742992,58.7
4296,41.2641903409728,1.99399327586859,23.088000738816,58.9
4297,41.2641930288694,1.99399321350289,23.0716007382912,59.0
4298,41.2641955976421,1.99399316481388,22.984700735510405,59.16
4299,41.2642008992304,1.99399312469559,22.8289007305248,59.3
4300,41.264206360745,1.99399309715986,22.6634007252288,59.5
4301,41.2642116715568,1.99399303971776,22.495600719859205,59.7
4302,41.2642166997229,1.99399334078728,22.3414007149248,59.9
4303,41.2642219887006,1.99399335865815,22.2223007111136,60.1
4304,41.2642247423082,1.99399358167935,22.165800709305604,60.2
4305,41.2642273180636,1.99399369729296,22.1022007072704,60.3
4306,41.2642326181408,1.99399386615448,21.941800702137602,60.5
4307,41.2642378396878,1.99399362489769,21.8134006980288,60.7
4308,41.2642432630577,1.99399364495684,21.680700693782402,60.9
4309,41.2642459554358,1.99399361815052,21.604200691334402,61.0
4310,41.2642485193623,1.9939935331727,21.520000688640003,61.15
4311,41.2642537577409,1.99399360046201,21.3682006837824,61.3
4312,41.2642590215493,1.99399398195045,21.2027006784864,61.5
4313,41.2642642835339,1.99399404231023,21.056400673804802,61.7
4314,41.264269313576,1.9939939664502,20.9382006700224,61.9
4315,41.2642746403335,1.99399401130974,20.791500665328,62.1
4316,41.2642773705958,1.99399406218702,20.7022006624704,62.24
4317,41.2642799483314,1.99399410048175,20.609500659504,62.35
4318,41.264285108649,1.99399415208846,20.4886006556352,62.49
4319,41.2642904664121,1.99399425730778,20.3653006516896,62.69
4320,41.2642958348578,1.99399432642065,20.2448006478336,62.89
4321,41.2643008517681,1.99399451406482,20.1456006446592,63.09
4322,41.264306116723,1.99399441522795,20.0216006406912,63.29
4323,41.2643113787596,1.99399461417819,19.878500636112,63.49
4324,41.2643166219324,1.99399483884059,19.7749006327968,63.69
4325,41.2643219814152,1.99399514592785,19.625900628028802,63.89
4326,41.2643275660141,1.99399527138867,19.451500622448002,64.09
4327,41.2643329462367,1.99399528561243,19.3147006180704,64.29
4328,41.2643379813334,1.99399551921027,19.126100612035202,64.49
4329,41.2643431787014,1.99399553471052,18.926700605654403,64.69
4330,41.2643483997273,1.99399531405994,18.7729006007328,64.89
4331,41.2643537396166,1.99399530785984,18.5954005950528,65.09
4332,41.2643589978493,1.99399547745078,18.4199005894368,65.29
4333,41.2643643047528,1.99399555695794,18.241500583728,65.49
4334,41.2643696779406,1.99399542092047,18.013600576435202,65.69
4335,41.2643746621256,1.99399507991503,17.802000569664,65.89
4336,41.2643798723127,1.99399501153158,17.589400562860803,66.09
4337,41.2643848728082,1.99399524294116,17.410500557136,66.29
4338,41.2643899800255,1.99399510416836,17.2337005514784,66.49
4339,41.2643951129852,1.99399485871738,17.086200546758402,66.69
4340,41.2644000657999,1.99399481148722,16.901600540851202,66.89
4341,41.2644042995459,1.99399463952565,16.763500536432,67.09
4342,41.2644076499717,1.99399472322698,16.6524005328768,67.29
4343,41.2644101434972,1.99399511055081,16.550000529600002,67.49
4344,41.2644109839307,1.99399515048674,16.51000052832,67.63
4345,41.264411572307,1.99399517401065,16.477800527289602,67.75
4346,41.26441182056,1.99399506550892,16.4043005249376,67.89
4347,41.2644118975789,1.99399504089088,16.376100524035202,67.99
4348,41.2644118799657,1.99399502338471,16.3762005240384,68.15
4349,41.2644115865331,1.99399491050644,16.3302005225664,68.29
4350,41.2644111306209,1.99399480601654,16.3026005216832,68.49
4351,41.2644104670495,1.99399456147734,16.2822005210304,68.69
4352,41.2644096721083,1.99399462840194,16.2842005210944,68.89
4353,41.2644089404289,1.99399481641082,16.246500519888002,69.09
4354,41.2644083018183,1.99399499129008,16.2382005196224,69.29
4355,41.264407454871,1.99399516452814,16.2113005187616,69.49
4356,41.264406600889,1.99399543058533,16.1531005168992,69.69
4357,41.2644057806743,1.99399552741629,16.1152005156864,69.89
4358,41.2644053557155,1.99399552796336,16.0897005148704,69.99
4359,41.2644050274733,1.99399557464645,16.0683005141856,70.15
4360,41.2644043503012,1.99399566691851,15.988500511632001,70.28
4361,41.2644037708878,1.99399571177805,15.9308005097856,70.49
4362,41.2644033105983,1.99399573037835,15.8642005076544,70.68
4363,41.2644028042434,1.99399579292641,15.8116005059712,70.89
4364,41.2644024762618,1.99399587152178,15.774800504793602,71.08
4365,41.2644021875191,1.99399587425712,15.7266005032512,71.28
4366,41.2644018261348,1.9939958425272,15.6783005017056,71.49
4367,41.26440144844,1.99399573603138,15.662400501196801,71.68
4368,41.2644012539126,1.99399579037343,15.5982004991424,71.89
4369,41.2644010630851,1.99399578490275,15.5511004976352,72.08
4370,41.2644009611054,1.99399568187169,15.508200496262402,72.28
4371,41.2644008409913,1.99399559598209,15.449000494368,72.48
4372,41.2644005826289,1.99399547544487,15.428300493705601,72.68
4373,41.2644005427646,1.99399545520337,15.418800493401601,72.88
4374,41.2644006167611,1.99399543751485,15.411000493152,72.98
4375,41.2644006227017,1.99399540049662,15.4101004931232,73.14
4376,41.2644005640256,1.99399533247788,15.3704004918528,73.28
4377,41.2644004316136,1.99399523819991,15.3587004914784,73.48
4378,41.2644004225985,1.99399517820483,15.345300491049601,73.68
4379,41.2644005323947,1.99399507170902,15.3499004911968,73.88
4380,41.2644005531346,1.99399503906732,15.334600490707201,73.98
4381,41.2644005615243,1.99399502374943,15.325600490419202,74.14
4382,41.2644004393259,1.99399507116195,15.2927004893664,74.28
4383,41.264400525464,1.99399512787462,15.298000489536001,74.48
4384,41.2644006626702,1.99399507480906,15.2797004889504,74.68
4385,41.2644006781469,1.99399514975732,15.269900488636802,74.88
4386,41.2644007791886,1.9939952068347,15.2561004881952,75.08
4387,41.2644008360409,1.99399518221666,15.236500487568,75.28
4388,41.2644007551137,1.99399493293621,15.240200487686401,75.48
4389,41.264400674864,1.99399489318264,15.2382004876224,75.68
4390,41.2644006274958,1.99399481057544,15.2364004875648,75.88
4391,41.2644007860151,1.99399481148722,15.2466004878912,76.08
4392,41.2644007065991,1.99399481823438,15.2257004872224,76.28
4393,41.2644006553748,1.99399486874695,15.2217004870944,76.48
4394,41.2644006061306,1.99399481750496,15.200700486422402,76.68
4395,41.264400645995,1.99399462621367,15.154900484956801,76.88
4396,41.2644006820552,1.99399461235463,15.136400484364799,76.98
4397,41.2644007157705,1.99399459557789,15.147900484732801,77.13
4398,41.2644007793971,1.99399454287705,15.1307004841824,77.28
4399,41.2644008383337,1.99399447649952,15.1118004835776,77.48
4400,41.2644009187919,1.99399450184698,15.094700483030401,77.66
4401,41.2644010419804,1.99399454214762,15.0654004820928,77.78
4402,41.2644010577698,1.99399452883565,15.053900481724801,77.93
4403,41.2644010816363,1.99399435669172,15.0644004820608,78.07
4404,41.2644011499007,1.99399431256161,15.084700482710401,78.27
4405,41.2644013382791,1.99399419457737,15.147900484732801,78.47
4406,41.2644015161833,1.99399409756406,15.2842004890944,78.67
4407,41.264401848438,1.99399405817519,15.5303004969696,78.87
4408,41.2644020532311,1.99399402006282,15.686500501968,78.97
4409,41.2644022689153,1.99399398979175,15.8621005075872,79.13
4410,41.2644027828782,1.99399393763798,16.3077005218464,79.27
4411,41.2644031897026,1.9939939974507,16.894700540630403,79.47
4412,41.2644034408217,1.99399415956505,17.5587005618784,79.67
4413,41.264403623468,1.99399426916091,18.2414005837248,79.87
4414,41.264403580894,1.99399445388739,18.8959006046688,80.07
4415,41.2644031725063,1.9939948375641,19.572000626304003,80.27
4416,41.264402786526,1.99399513079231,20.296600649491204,80.47
4417,41.2644024243079,1.99399548219204,21.033600673075203,80.67
4418,41.264401853649,1.99399592622853,21.7039006945248,80.87
4419,41.2644011814794,1.99399655663271,22.414300717257603,81.07
4420,41.2644006467766,1.99399699993979,22.9781007352992,81.27
4421,41.2643999031639,1.99399779647015,23.5247007527904,81.47
4422,41.2643996551715,1.99399820549432,24.109800771513598,81.67
4423,41.2643994398521,1.99399841556826,24.7098007907136,81.87
4424,41.264399105513,1.99399901223661,25.1856008059392,82.07
4425,41.2643990200001,1.99399943311391,25.616000819712003,82.27
4426,41.264399048765,1.99399959431648,25.7748008247936,82.44
4427,41.2643987394388,1.99399974512477,25.912900829212802,82.57
4428,41.2643984169808,1.99399977065459,25.958900830684804,82.73
4429,41.2643976951502,1.99399985344415,26.0482008335424,82.87
4430,41.2643973770174,1.99399982007303,26.0656008340992,82.97
4431,41.2643971152157,1.99399974621891,26.0414008333248,83.13
4432,41.2643966788448,1.99399947815581,26.095400835052804,83.27
4433,41.264395875097,1.99399908171419,26.1886008380352,83.47
4434,41.2643949798957,1.99399865901332,26.3112008419584,83.67
4435,41.2643934221132,1.99399835885559,26.4202008454464,83.87
4436,41.2643912543806,1.99399817175849,26.5342008490944,84.07
4437,41.2643883353752,1.99399778680529,26.673500853552,84.27
4438,41.2643848363832,1.99399755101917,26.8073008578336,84.47
4439,41.2643829356113,1.99399734276879,26.9059008609888,84.59
4440,41.2643810823117,1.99399712904773,26.981100863395202,84.73
4441,41.2643773631541,1.99399661170418,27.1144008676608,84.87
4442,41.2643735126266,1.99399636114724,27.208300870665603,85.07
4443,41.2643695798692,1.99399612846117,27.384500876304,85.27
4444,41.264365276973,1.99399600537097,27.561000881952005,85.47
4445,41.2643607198832,1.9939958908515,27.6622008851904,85.67
4446,41.2643583198434,1.99399583505061,27.730000887360003,85.77
4447,41.2643559874947,1.99399577779087,27.799300889577598,85.92
4448,41.2643510188906,1.99399559288204,27.981300895401603,86.06
4449,41.2643459760294,1.99399527302988,28.1561009009952,86.27
4450,41.2643433523326,1.99399513626299,28.2514009040448,86.42
4451,41.2643379769562,1.9939947425567,28.427700909686404,86.56
4452,41.2643352852555,1.99399460469568,28.5203009126496,86.72
4453,41.2643298093064,1.9939945133354,28.672600917523198,86.86
4454,41.2643270126558,1.99399461764295,28.7401009196832,86.96
4455,41.264324216422,1.99399456731273,28.8512009232384,87.12
4456,41.2643183441227,1.99399449364097,29.0104009283328,87.26
4457,41.2643152361136,1.99399433462666,29.0899009308768,87.36
4458,41.2643124057476,1.99399423050147,29.191000934112,87.52
4459,41.26430664585,1.99399424873706,29.328700938518402,87.66
4460,41.2643011473893,1.99399420770699,29.523400944748804,87.86
4461,41.2642957059372,1.99399422849556,29.656000948992,88.06
4462,41.2642901498426,1.99399456475975,29.8866009563712,88.26
4463,41.2642846941644,1.99399444294604,30.063700962038403,88.46
4464,41.2642791316602,1.99399438969813,30.2598009683136,88.66
4465,41.2642763517891,1.99399441449853,30.344700971030402,88.76
4466,41.2642737070397,1.99399442926935,30.421800973497604,88.92
4467,41.2642682724661,1.99399461198991,30.558200977862402,89.06
4468,41.2642628457612,1.99399466815552,30.687800982009602,89.26
4469,41.2642576096233,1.99399462894901,30.8149009860768,89.46
4470,41.2642522768209,1.99399455928907,30.951400990444803,89.66
4471,41.2642494654231,1.99399449364097,31.0323009930336,89.8
4472,41.2642468194231,1.99399442999878,31.095400995052803,89.91
4473,41.2642416705698,1.99399429450838,31.2374009995968,90.06
4474,41.2642364639262,1.99399404468086,31.3486010031552,90.26
4475,41.2642310911554,1.99399403100417,31.496201007878405,90.46
4476,41.2642258135377,1.99399396572078,31.631501012208,90.66
4477,41.2642207057994,1.99399378062959,31.8296010185472,90.86
4478,41.2642180172774,1.99399361851524,31.926001021632,90.96
4479,41.2642154406361,1.99399347664238,32.017401024556804,91.11
4480,41.2642098818317,1.99399311320717,32.2109010307488,91.26
4481,41.2642040308976,1.99399315916085,32.4277010376864,91.45
4482,41.2642007441505,1.99399320967342,32.5558010417856,91.55
4483,41.2641974244176,1.99399340698245,32.698001046336,91.71
4484,41.2641899021006,1.99399335428161,32.9524010544768,91.85
4485,41.2641819428917,1.99399350581932,33.2328010634496,92.05
4486,41.2641738715937,1.9939935129312,33.4316010698112,92.25
4487,41.2641656416201,1.99399330395139,33.679001077728,92.45
4488,41.264157217536,1.99399330504553,33.8801010841632,92.65
4489,41.264148442177,1.99399329264533,34.049301089577604,92.85
4490,41.2641440773218,1.9939931919849,34.1227010919264,92.95
4491,41.2641398230444,1.99399313527223,34.224701095190404,93.11
4492,41.2641307735857,1.99399301127025,34.410401101132805,93.25
4493,41.2641214079222,1.99399284696763,34.5839011066848,93.45
4494,41.2641119337653,1.99399289620371,34.76680111253761,93.65
4495,41.2641025594516,1.99399310226582,34.8949011166368,93.85
4496,41.2640978392047,1.99399305831806,34.9727011191264,93.95
4497,41.2640933411558,1.99399301218203,35.0036011201152,94.11
4498,41.2640840681443,1.99399297242846,35.079001122528,94.25
4499,41.2640747219701,1.99399304847085,35.1999011263968,94.45
4500,41.2640699419007,1.99399307819485,35.2625011284,94.55
4501,41.264065310137,1.9939931936261,35.3472011311104,94.65
4502,41.2640605904113,1.99399309588337,35.4131011332192,94.85
4503,41.2640513942102,1.99399295838706,35.482601135443204,94.95
4504,41.264046923467,1.99399279609035,35.520501136656,95.11
4505,41.2640376735925,1.99399269032395,35.6327011402464,95.25
4506,41.2640279103281,1.99399256395135,35.743501143792,95.45
4507,41.2640190509675,1.99399248790896,35.8639011476448,95.65
4508,41.2640144033622,1.99399247678525,35.8973011487136,95.79
4509,41.2640102157859,1.99399247222636,35.9866011515712,95.91
4510,41.2640011441283,1.99399253750975,36.139101156451204,96.04
4511,41.2639922325532,1.99399259367535,36.217001158944,96.25
4512,41.263983079812,1.99399264272908,36.2989011615648,96.44
4513,41.2639784263705,1.99399272898339,36.3509011632288,96.54
4514,41.2639740137823,1.99399279061967,36.4250011656,96.7
4515,41.2639650249799,1.99399285900312,36.5052011681664,96.84
4516,41.2639604306313,1.99399288234467,36.521401168684804,96.98
4517,41.2639560588975,1.99399291972761,36.525501168816,97.1
4518,41.2639469841132,1.9939929053215,36.561601169971205,97.24
4519,41.2639379905167,1.99399299504058,36.61410117165121,97.44
4520,41.2639289873318,1.99399301145261,36.7082011746624,97.64
4521,41.2639200477215,1.99399319271432,36.7264011752448,97.84
4522,41.263910958659,1.99399359900316,36.7187011749984,98.04
4523,41.2639019537024,1.9939935971796,36.705501174576,98.24
4524,41.2638929928311,1.99399337269955,36.7467011758944,98.44
4525,41.2638839777651,1.99399357383805,36.7616011763712,98.64
4526,41.2638749405002,1.99399407367544,36.71750117496,98.84
4527,41.2638659315832,1.99399412345859,36.698601174355204,99.04
4528,41.2638572048951,1.99399389824911,36.688401174028805,99.24
4529,41.2638483677334,1.99399394949111,36.7367011755744,99.44
4530,41.2638394605356,1.99399418418309,36.7618011763776,99.64
4531,41.2638306390069,1.99399429140833,36.803501177712,99.84
4532,41.2638260689417,1.9939943762038,36.823501178352004,99.94
4533,41.2638217075257,1.99399443984599,36.808601177875204,100.09
4534,41.263812445249,1.99399453503575,36.8579011794528,100.24
4535,41.2638035154353,1.99399451607074,36.860201179526406,100.44
4536,41.2637944479464,1.99399457971293,36.858001179456004,100.64
4537,41.2637857472092,1.99399464189627,36.821501178288,100.84
4538,41.263777109317,1.99399466833787,36.8186011781952,101.04
4539,41.2637681042562,1.99399478121614,36.8497011791904,101.24
4540,41.2637591910135,1.993994963572,36.871001179872,101.44
4541,41.2637503071611,1.99399502247294,36.8734011799488,101.64
4542,41.2637415850587,1.99399523819991,36.900101180803205,101.84
4543,41.2637326661882,1.99399504709098,36.900001180800004,102.04
4544,41.2637281300988,1.9939949668544,36.906601181011204,102.14
4545,41.2637238707146,1.99399477993965,36.9117011811744,102.24
4546,41.2637148040595,1.99399477246306,36.913001181216,102.43
4547,41.263705235479,1.99399518349315,36.8601011795232,102.63
4548,41.2636949431918,1.99399567238919,36.8793011801376,102.83
4549,41.2636838223523,1.99399647676085,36.9342011818944,103.03
4550,41.2636711969869,1.99399782637651,37.0267011848544,103.23
4551,41.2636586780306,1.99399937257177,37.066001186112004,103.43
4552,41.2636461988864,1.99400131630279,37.1216011878912,103.63
4553,41.2636332417875,1.99400414154199,37.1004011872128,103.83
4554,41.2636266011752,1.99400575302065,37.133501188272,103.93
4555,41.2636202821872,1.99400752679601,37.1159011877088,104.09
4556,41.2636072445258,1.99401189677163,37.11020118752641,104.23
4557,41.2635940667923,1.99401714770837,37.0868011867776,104.43
4558,41.2635808968752,1.99402335728982,37.143601188595206,104.63
4559,41.2635679106987,1.99403039111972,37.1974011903168,104.83
4560,41.2635613064594,1.99403449777349,37.2178011909696,104.93
4561,41.263555065324,1.9940386728107,37.231501191408,105.09
4562,41.2635422740397,1.99404826965209,37.2382011916224,105.23
4563,41.2635299121436,1.99405895825795,37.3006011936192,105.43
4564,41.2635178931325,1.99407086500091,37.3333011946656,105.63
4565,41.263511712445,1.99407754761343,37.3713011958816,105.82
4566,41.2635003366824,1.99409106729389,37.3773011960736,105.93
4567,41.2634951629725,1.99409772492367,37.411101197155205,106.08
4568,41.263484702161,1.99411258583141,37.4051011969632,106.23
4569,41.2634749159681,1.99412834666528,37.4052011969664,106.43
4570,41.2634700290728,1.99413692942578,37.3964011966848,106.57
4571,41.2634656096061,1.99414525944106,37.429501197744,106.68
4572,41.2634571748394,1.99416309603159,37.4774011992768,106.82
4573,41.2634492781627,1.99418201289818,37.578501202512,107.03
4574,41.2634424001364,1.9942013017707,37.5657012021024,107.23
4575,41.2634366884407,1.99422114008141,37.614601203667206,107.42
4576,41.2634318842964,1.99424166477954,37.6539012049248,107.62
4577,41.2634278832747,1.99426238861026,37.7073012066336,107.82
4578,41.2634262009487,1.99427313830533,37.733001207456006,107.92
4579,41.2634247892832,1.99428343393434,37.755501208176,108.08
4580,41.2634222723601,1.99430503307315,37.7816012090112,108.22
4581,41.2634205460532,1.99432715010257,37.8436012109952,108.42
4582,41.2634196439212,1.99434865350455,37.885001212320006,108.62
4583,41.2634193013487,1.99437053493021,37.8498012111936,108.82
4584,41.2634192969715,1.99439236456681,37.7892012092544,109.02
4585,41.2634195373038,1.9944144664607,37.7586012082752,109.22
4586,41.2634202796658,1.99443664494405,37.7918012093376,109.42
4587,41.2634209162441,1.99445899611838,37.80750120984,109.62
4588,41.2634214555847,1.99448160350269,37.80500120976,109.82
4589,41.2634217831495,1.9945044681911,37.84500121104001,110.02
4590,41.2634223744961,1.99452770324425,37.889601212467205,110.22
4591,41.2634227572977,1.99453950732086,37.9000012128,110.32
4592,41.2634230590158,1.99455089398492,37.8993012127776,110.48
4593,41.2634234744384,1.99457448791439,37.8938012126016,110.62
4594,41.2634239332167,1.99459847482071,37.849501211184005,110.82
4595,41.2634243093482,1.99462256384631,37.8389012108448,111.02
4596,41.2634246683875,1.99464697071815,37.822001210304,111.22
4597,41.263425002935,1.99467143521445,37.831001210592,111.42
4598,41.2634250410797,1.99469558131743,37.85150121124801,111.62
4599,41.2634252363888,1.99471993001776,37.8286012105152,111.82
4600,41.2634253493637,1.99474396141891,37.7872012091904,112.02
4601,41.2634254406608,1.99475638696426,37.7807012089824,112.12
4602,41.2634255152826,1.99476816624047,37.7661012085152,112.22
4603,41.2634256782833,1.99479195054944,37.7613012083616,112.41
4604,41.2634256729681,1.99480429804649,37.74800120793601,112.56
4605,41.2634256925615,1.99481612874705,37.758801208281604,112.67
4606,41.2634260361762,1.99484130716651,37.7251012072032,112.81
4607,41.2634260934975,1.99485370836735,37.724001207168,112.91
4608,41.263426146233,1.99486549220246,37.7298012073536,113.07
4609,41.2634262549349,1.99488956937493,37.72660120725121,113.21
4610,41.2634260561866,1.99491338431968,37.736601207571205,113.41
4611,41.2634259977189,1.99492566689805,37.729201207334405,113.51
4612,41.2634259460256,1.99493735171393,37.71750120696,113.67
4613,41.2634257907371,1.9949611851678,37.6782012057024,113.81
4614,41.2634257463393,1.99497345707835,37.6811012057952,113.91
4615,41.2634257251825,1.99498513222937,37.6717012054944,114.06
4616,41.2634258822427,1.99500892173548,37.6576012050432,114.21
4617,41.2634257190335,1.99503300437863,37.6483012047456,114.41
4618,41.2634256037657,1.99505696402275,37.664501205264,114.61
4619,41.2634255913635,1.99508095594386,37.672001205504,114.81
4620,41.2634254902697,1.99510510222919,37.62210120390721,115.01
4621,41.2634254351371,1.99512914539229,37.6261012040352,115.21
4622,41.2634253032983,1.995153274445,37.6096012035072,115.41
4623,41.2634251888642,1.99517717299991,37.604301203337606,115.61
4624,41.2634249664579,1.99519988104465,37.5989012031648,115.81
4625,41.2634250135655,1.99522364912395,37.5944012030208,116.01
4626,41.2634252633818,1.99524802909831,37.58960120286721,116.21
4627,41.2634252760967,1.99527139116231,37.5626012020032,116.41
4628,41.263425160829,1.99529516744762,37.519201200614404,116.61
4629,41.263425045457,1.99531913356537,37.522101200707205,116.81
4630,41.2634250547326,1.99534331851015,37.498701199958404,117.01
4631,41.2634249605173,1.99536749187533,37.5113012003616,117.21
4632,41.263424985426,1.99539145580481,37.5126012004032,117.41
4633,41.2634251664569,1.99541525953468,37.5336012010752,117.61
4634,41.2634253785454,1.99543917039862,37.524901200796805,117.81
4635,41.2634254240897,1.99546264470264,37.524101200771206,118.01
4636,41.2634256165848,1.99548635096331,37.5098012003136,118.21
4637,41.2634256677571,1.9954986400153,37.5088012002816,118.31
4638,41.2634257007949,1.99551050663997,37.532001201024,118.46
4639,41.2634256382627,1.99553461545118,37.5261012008352,118.61
4640,41.263425553323,1.99555889895929,37.477201199270404,118.81
4641,41.2634255876116,1.99558299464088,37.4443011982176,119.01
4642,41.2634258613986,1.99560670819578,37.4154011972928,119.21
4643,41.2634260801572,1.99563087805061,37.4332011978624,119.41
4644,41.2634262445128,1.99565509057671,37.454001198528,119.61
4645,41.2634261430022,1.9956790722403,37.4657011989024,119.81
4646,41.2634261880254,1.99569165438373,37.4603011987296,119.91
4647,41.2634262359668,1.99570359591107,37.4697011990304,120.06
4648,41.2634263699942,1.99572815915306,37.5037012001184,120.2
4649,41.2634265187168,1.99575142415815,37.533401201068806,120.4
4650,41.263426493287,1.99576279887791,37.5707012022624,120.5
4651,41.2634265069398,1.99577438020685,37.561501201968,120.66
4652,41.2634266327339,1.99579829366935,37.5489012015648,120.8
4653,41.26342670277,1.99581088274231,37.5376012012032,120.9
4654,41.2634267272618,1.99582262604883,37.5452012014464,121.06
4655,41.2634268055313,1.99584678022106,37.539701201270404,121.2
4656,41.2634266750474,1.99587176069323,37.553501201712,121.4
4657,41.2634265385186,1.99589532872817,37.525901200828805,121.6
4658,41.2634264680656,1.99591962614091,37.552001201664,121.8
4659,41.2634264810932,1.99593199570302,37.5359012011488,121.9
4660,41.2634264866169,1.99594373271826,37.5329012010528,122.06
4661,41.2634264721302,1.99596752231555,37.522001200704004,122.2
4662,41.2634264767159,1.99599076498206,37.514501200464004,122.4
4663,41.2634263965704,1.99601398553791,37.5093012002976,122.6
4664,41.2634263069409,1.99603781878664,37.530601200979206,122.8
4665,41.2634262947471,1.99605016227185,37.512801200409605,122.9
4666,41.2634261858367,1.99606245934751,37.510901200348805,123.05
4667,41.2634260433674,1.99608645120023,37.515701200502406,123.2
4668,41.2634259605122,1.99609877556088,37.500801200025606,123.34
4669,41.2634258800541,1.99611055258044,37.483101199459206,123.45
4670,41.2634256447243,1.9961353555064,37.4663011989216,123.6
4671,41.2634255577003,1.996158156621,37.4622011987904,123.8
4672,41.2634256246098,1.99616950993674,37.496001199872005,123.9
4673,41.2634256574392,1.99618036633279,37.5102012003264,124.05
4674,41.2634260079325,1.99620113559291,37.5627012020064,124.2
4675,41.2634263033974,1.99622035003005,37.59330120298561,124.4
4676,41.2634269274692,1.99623898821131,37.6297012041504,124.6
4677,41.2634278608673,1.99625693393042,37.6403012044896,124.8
4678,41.2634285326721,1.99626566553888,37.6872012059904,124.9
4679,41.2634292792029,1.99627384275136,37.695501206256004,125.05
4680,41.2634312114494,1.99629011537262,37.78000120896,125.19
4681,41.2634336857463,1.99630644093977,37.8123012099936,125.4
4682,41.2634367598317,1.99632243476743,37.8298012105536,125.59
4683,41.263440167214,1.99633755422443,37.8369012107808,125.79
4684,41.2634420825768,1.99634502429796,37.8308012105856,125.89
4685,41.263443946142,1.99635198437062,37.820401210252804,126.05
4686,41.2634482869223,1.9963655512499,37.796301209481605,126.19
4687,41.2634532901276,1.99637861504162,37.743001207776004,126.39
4688,41.2634584732173,1.99639126011545,37.6904012060928,126.59
4689,41.26346384776,1.99640259837686,37.6568012050176,126.79
4690,41.2634692696187,1.99641296650657,37.5759012024288,126.99
4691,41.2634722673105,1.99641833263807,37.543601201395205,127.17
4692,41.2634782426838,1.99642842243291,37.4763011992416,127.29
4693,41.2634812191146,1.99643311909903,37.4879011996128,127.39
4694,41.2634874228349,1.99644219630602,37.414701197270404,127.59
4695,41.2634936774147,1.99645084269162,37.3289011945248,127.79
4696,41.2634969172106,1.99645499651857,37.290001193280006,127.89
4697,41.2635000218325,1.99645882961577,37.2706011926592,128.05
4698,41.2635065144518,1.9964663077329,37.2213011910816,128.19
4699,41.2635131152518,1.99647333426856,37.1856011899392,128.39
4700,41.2635200278793,1.9964799280111,37.1716011894912,128.59
4701,41.2635270552535,1.9964864058494,37.126801188057605,128.79
4702,41.2635307724831,1.99648960794977,37.0888011868416,128.89
4703,41.2635343779884,1.99649251799584,37.0859011867488,129.05
4704,41.2635417686749,1.99649845979912,37.019001184608,129.19
4705,41.2635455723032,1.99650139883977,36.970501183056,129.33
4706,41.2635491184029,1.99650404693166,36.9269011816608,129.44
4707,41.2635569565077,1.9965093837922,36.8479011791328,129.58
4708,41.2635648822619,1.99651427662763,36.748501175952,129.78
4709,41.2635690144971,1.99651673708675,36.7049011745568,129.88
4710,41.2635729813346,1.99651899960999,36.6629011732128,130.04
4711,41.2635812482022,1.99652339282458,36.6031011712992,130.18
4712,41.2635897472729,1.9965274356766,36.5287011689184,130.38
4713,41.2635983368069,1.99653108119801,36.4881011676192,130.58
4714,41.2636069060179,1.99653436946152,36.4586011666752,130.78
4715,41.2636156964889,1.99653742748936,36.4192011654144,130.98
4716,41.2636244835206,1.99654003993069,36.391501164528,131.18
4717,41.2636334295927,1.99654229257252,36.37260116392321,131.38
4718,41.2636424972899,1.99654418133464,36.3638011636416,131.58
4719,41.2636516984936,1.99654583835668,36.3373011627936,131.78
4720,41.2636609467006,1.99654719672541,36.3367011627744,131.98
4721,41.2636701310205,1.9965482504573,36.3216011622912,132.18
4722,41.2636792990821,1.99654894500515,36.296001161472,132.38
4723,41.2636883740748,1.99654964868219,36.294901161436805,132.58
4724,41.263697390704,1.99655005450374,36.313601162035205,132.78
4725,41.2637064738259,1.99655027408298,36.3342011626944,132.98
4726,41.2637112123114,1.99655036423515,36.3292011625344,133.08
4727,41.2637156969159,1.99655048148996,36.2999011615968,133.18
4728,41.2637248278749,1.99655043459032,36.3162011621184,133.38
4729,41.2637294439014,1.99655036042847,36.3391011628512,133.48
4730,41.2637338438789,1.99655027394621,36.3403011628896,133.64
4731,41.2637428508156,1.99654994343763,36.346501163088,133.78
4732,41.2637475005053,1.99654979372347,36.3418011629376,133.88
4733,41.2637519265379,1.99654966069488,36.361001163552004,134.03
4734,41.2637609539019,1.99654939813665,36.3503011632096,134.18
4735,41.2637699005992,1.9965491430664,36.3493011631776,134.38
4736,41.2637740747311,1.99654902176557,36.3732011639424,134.48
4737,41.263777898474,1.99654896476797,36.3532011633024,134.58
4738,41.263785120115,1.99654886100749,36.3476011631232,134.78
4739,41.263788455481,1.99654876044963,36.3419011629408,134.88
4740,41.2637915251891,1.99654870197039,36.3168011621376,135.03
4741,41.2637975398535,1.99654856222882,36.2993011615776,135.17
4742,41.263803436332,1.99654815394547,36.289001161248,135.37
4743,41.2638093920076,1.99654801677967,36.267901160572805,135.57
4744,41.2638153536239,1.99654773701161,36.2339011594848,135.77
4745,41.2638182522021,1.99654764902491,36.2188011590016,135.87
4746,41.263820983715,1.99654758098338,36.2269011592608,136.03
4747,41.2638264229784,1.99654743814176,36.1918011581376,136.17
4748,41.2638317633368,1.99654742938868,36.1732011575424,136.37
4749,41.2638367483035,1.99654737800992,36.1303011561696,136.57
4750,41.2638417325406,1.99654740137427,36.0957011550624,136.77
4751,41.2638443029288,1.99654737422604,36.066301154121604,136.87
4752,41.2638467470017,1.99654735636656,36.07250115432,137.03
4753,41.2638518700605,1.99654730450912,36.038401153228804,137.17
4754,41.2638569732132,1.99654725363183,35.9812011513984,137.37
4755,41.2638621214932,1.99654745508946,35.9326011498432,137.57
4756,41.2638672246459,1.99654762101049,35.873601147955206,137.77
4757,41.26386975814,1.99654764478514,35.8403011468896,137.87
4758,41.2638722506755,1.99654764216377,35.825501146416,138.03
4759,41.2638774441872,1.99654760427934,35.7817011450144,138.17
4760,41.2638826852235,1.99654748694475,35.7252011432064,138.37
4761,41.2638878647697,1.99654751095873,35.6848011419136,138.57
4762,41.2638927555212,1.99654763766186,35.6471011407072,138.77
4763,41.2638980295953,1.99654756028599,35.6124011395968,138.97
4764,41.2639034392602,1.99654770007315,35.5892011388544,139.17
4765,41.2639088692481,1.996547586682,35.5282011369024,139.37
4766,41.2639144895425,1.99654746048036,35.4841011354912,139.57
4767,41.2639196053058,1.99654758936035,35.422201133510406,139.77
4768,41.2639246016325,1.99654779435112,35.3872011323904,139.97
4769,41.2639273363762,1.9965478460946,35.3634011316288,140.11
4770,41.2639299337574,1.99654789183172,35.3458011310656,140.22
4771,41.2639352127299,1.99654793992808,35.325501130416,140.37
4772,41.2639405236981,1.99654785428921,35.270301128649606,140.56
4773,41.2639458612425,1.99654789162657,35.2342011274944,140.77
4774,41.2639510403718,1.99654787923777,35.2241011271712,140.96
4775,41.2639564573322,1.99654815389988,35.1941011262112,141.16
4776,41.2639621660054,1.99654843459112,35.1827011258464,141.36
4777,41.2639649338912,1.99654852093662,35.1643011252576,141.46
4778,41.2639675651441,1.99654858990132,35.1625011252,141.62
4779,41.2639729485454,1.99654858143317,35.1484011247488,141.76
4780,41.2639757297714,1.99654858859064,35.12750112408,141.86
4781,41.26397839302,1.99654859635216,35.1119011235808,142.02
4782,41.2639839979939,1.9965486354333,35.0633011220256,142.16
4783,41.2639894345477,1.99654860970973,35.039701121270404,142.36
4784,41.2639948429619,1.99654840788739,35.0209011206688,142.56
4785,41.2640001516373,1.9965483181797,34.9816011194112,142.76
4786,41.2640029086841,1.99654838725838,34.976001119232,142.86
4787,41.2640054781343,1.99654858331372,34.9873011195936,143.02
4788,41.2640107049966,1.99654862060549,34.943801118201606,143.16
4789,41.2640159588519,1.99654839752729,34.924201117574405,143.36
4790,41.2640212344894,1.99654826024753,34.896901116700796,143.56
4791,41.2640265260726,1.99654810882379,34.8633011156256,143.76
4792,41.2640318559046,1.99654773709139,34.8462011150784,143.96
4793,41.2640371888633,1.9965477337292,34.8303011145696,144.16
4794,41.2640398352281,1.99654784480671,34.810401113932805,144.26
4795,41.2640424198944,1.99654784125077,34.7792011129344,144.42
4796,41.2640478487359,1.99654779369009,34.7519011120608,144.56
4797,41.2640532380778,1.99654775928182,34.7052011105664,144.76
4798,41.2640585597807,1.99654754968656,34.666901109340806,144.96
4799,41.2640637884147,1.99654728422203,34.584601106707204,145.16
4800,41.2640691478454,1.99654722752076,34.553901105724805,145.36
4801,41.2640746279633,1.996547044766,34.5172011045504,145.56
4802,41.2640800664972,1.9965469852724,34.4626011028032,145.76
4803,41.2640854853335,1.99654694238459,34.4069011010208,145.96
4804,41.2640882377947,1.99654696854126,34.386001100352,146.1
4805,41.2640908618563,1.9965470030635,34.3643010996576,146.21
4806,41.2640936264071,1.9965470893976,34.3436010989952,146.31
4807,41.2640990651495,1.99654742524009,34.3008010976256,146.45
4808,41.2641017157873,1.996547462794,34.2649010964768,146.55
4809,41.2641072576037,1.99654735136317,34.215301094889604,146.75
4810,41.2641100283035,1.99654734188067,34.194501094224,146.85
4811,41.2641126582014,1.99654733630742,34.1676010933632,146.95
4812,41.2641180272204,1.9965473425645,34.1354010923328,147.15
4813,41.2641233921747,1.99654736334167,34.0828010906496,147.35
4814,41.2641287739086,1.99654758924638,34.025501088816,147.55
4815,41.2641341396967,1.99654773889215,33.9661010869152,147.75
4816,41.2641396100178,1.99654780242037,33.937401085996804,147.95
4817,41.2641449637164,1.99654785590762,33.8862010843584,148.15
4818,41.2641504648868,1.99654793660009,33.834101082691205,148.35
4819,41.2641559762708,1.99654805149567,33.7683010805856,148.55
4820,41.2641613938044,1.99654804586543,33.720301079049605,148.75
4821,41.2641667347359,1.99654806182157,33.661501077168005,148.95
4822,41.2641721811906,1.99654813915185,33.590701074902405,149.15
4823,41.2641774026856,1.99654811470477,33.529501072944,149.35
4824,41.2641827406989,1.99654809040585,33.471201071078404,149.55
4825,41.2641882849645,1.99654817436932,33.426501069648005,149.75
4826,41.2641936209977,1.99654809136322,33.3576010674432,149.95
4827,41.2641989997091,1.99654807096216,33.29750106552,150.15
4828,41.2642043941579,1.99654815314766,33.215701062902404,150.35
4829,41.2642097927233,1.99654816996999,33.1452010606464,150.55
4830,41.264215067527,1.99654814947775,33.089801058873604,150.75
4831,41.2642204094486,1.99654816053307,33.0413010573216,150.95
4832,41.2642231731135,1.99654813641651,33.0134010564288,151.05
4833,41.264225778676,1.99654814236587,32.9908010557056,151.15
4834,41.2642311247143,1.99654808678153,32.9652010548864,151.35
4835,41.2642363964956,1.99654802033561,32.938701054038404,151.55
4836,41.2642416782821,1.99654796455752,32.8904010524928,151.75
4837,41.2642470998802,1.99654786513939,32.8656010516992,151.95
4838,41.2642524476382,1.99654777112355,32.8238010503616,152.15
4839,41.2642577839319,1.99654776960772,32.755001048160004,152.34
4840,41.2642630741602,1.99654779879605,32.707501046640004,152.54
4841,41.2642683215018,1.99654788883425,32.6311010441952,152.75
4842,41.264273694429,1.99654801985693,32.561301041961606,152.94
4843,41.2642786532364,1.99654810693185,32.5268010408576,153.15
4844,41.2642837851018,1.99654811920668,32.474301039177604,153.34
4845,41.2642891834067,1.99654779992438,32.4156010372992,153.54
4846,41.2642944143336,1.99654768564424,32.3536010353152,153.75
4847,41.2642971037935,1.99654767792831,32.3424010349568,153.84
4848,41.2642996609977,1.99654766737447,32.3042010337344,154.0
4849,41.2643049842118,1.99654749442134,32.2612010323584,154.14
4850,41.2643102689685,1.99654749757837,32.213001030816,154.34
4851,41.2643154503907,1.99654731893802,32.1362010283584,154.54
4852,41.2643206570343,1.99654742839712,32.065201026086406,154.74
4853,41.2643258561739,1.99654765010765,31.9934010237888,154.94
4854,41.2643312270167,1.99654759646083,31.917801021369602,155.14
4855,41.2643338563415,1.9965475003821,31.9009010208288,155.24
4856,41.2643363880638,1.99654748030016,31.8958010206656,155.4
4857,41.2643416799075,1.99654735099846,31.833401018668802,155.54
4858,41.2643470413184,1.99654733870084,31.768301016585603,155.74
4859,41.2643498179587,1.99654738164564,31.755001016159998,155.84
4860,41.2643524322236,1.99654742143341,31.7193010150176,156.0
4861,41.2643574745637,1.99654754719056,31.690501014096,156.14
4862,41.2643628444164,1.99654758892726,31.6412010125184,156.34
4863,41.2643681357911,1.99654765716254,31.5354010091328,156.54
4864,41.2643736153358,1.99654765784637,31.4951010078432,156.74
4865,41.2643791376109,1.99654760972722,31.4276010056832,156.94
4866,41.2643818325945,1.9965476474293,31.393401004588803,157.04
4867,41.2643844049628,1.99654768695493,31.3588010034816,157.14
4868,41.2643897598599,1.99654775961234,31.298201001542402,157.34
4869,41.2643949964668,1.99654781467241,31.2264009992448,157.54
4870,41.2644004995653,1.99654775279679,31.1609009971488,157.74
4871,41.2644059175678,1.99654771825175,31.105500995376,157.94
4872,41.2644113092026,1.99654770138383,31.013400992428803,158.14
4873,41.2644141025182,1.99654784534238,30.9813009914016,158.24
4874,41.2644167649329,1.99654791512768,30.9589009906848,158.39
4875,41.2644222767338,1.99654801815874,30.887500988400003,158.54
4876,41.264424978127,1.99654803011445,30.852400987276802,158.68
4877,41.2644276155288,1.99654806142267,30.806900985820803,158.79
4878,41.2644330705817,1.99654815279434,30.73250098344,158.93
4879,41.2644386323563,1.9965482785629,30.6159009797088,159.13
4880,41.2644440606767,1.9965482855494,30.512400976396805,159.33
4881,41.2644495586163,1.99654833031777,30.396000972672002,159.53
4882,41.2644551951169,1.99654841860079,30.296400969484804,159.73
4883,41.2644607205707,1.99654841170546,30.180200965766403,159.93
4884,41.264466301105,1.99654858673289,30.0914009629248,160.13
4885,41.2644718820561,1.99654873544408,29.9811009593952,160.33
4886,41.2644772476879,1.99654872556268,29.9013009568416,160.53
4887,41.2644826718916,1.99654867832111,29.8292009545344,160.73
4888,41.264488222723,1.99654871462133,29.720800951065602,160.93
4889,41.2644933407271,1.99654873533011,29.6291009481312,161.13
4890,41.2644958740648,1.99654868112484,29.578600946515202,161.23
4891,41.2644984518005,1.99654868323333,29.542400945356803,161.39
4892,41.2645038158169,1.99654869316032,29.439900942076804,161.53
4893,41.2645092918702,1.99654881803989,29.3533009393056,161.73
4894,41.2645145309262,1.99654881622773,29.2776009368832,161.93
4895,41.2645197276167,1.99654887507168,29.207000934624002,162.13
4896,41.2645223703338,1.9965488241944,29.156600933011198,162.23
4897,41.2645248923115,1.99654880339443,29.1218009318976,162.38
4898,41.2645301871255,1.99654902643843,29.039700929270403,162.53
4899,41.2645355794377,1.99654895854507,28.9606009267392,162.73
4900,41.2645409424119,1.99654886315017,28.838300922825603,162.93
4901,41.2645462269081,1.9965486759049,28.705000918560003,163.13
4902,41.2645514622643,1.99654874820899,28.5966009150912,163.33
4903,41.2645567194027,1.99654871393749,28.5266009128512,163.53
4904,41.2645621447006,1.99654871768718,28.4808009113856,163.73
4905,41.2645648379646,1.99654870107001,28.444900910236804,163.83
4906,41.2645674048614,1.99654869345665,28.4049009089568,163.99
4907,41.2645726909729,1.99654873854413,28.324500906384003,164.13
4908,41.2645778778667,1.9965486602109,28.2776009048832,164.32
4909,41.2645832166096,1.99654876945345,28.209800902713603,164.53
4910,41.2645858828284,1.9965486961578,28.182800901849603,164.67
4911,41.2645884532165,1.99654868039541,28.145500900656,164.78
4912,41.2645937743201,1.99654870389652,28.058500897871998,164.92
4913,41.2645992602223,1.99654893018874,27.9793008953376,165.12
4914,41.2646019387912,1.99654900044133,27.932800893849603,165.22
4915,41.2646045005811,1.99654906393536,27.8972008927104,165.38
4916,41.2646098602723,1.99654926949599,27.822800890329603,165.52
4917,41.2646152157687,1.99654939361194,27.7457008878624,165.72
4918,41.2646206376534,1.99654950162359,27.6666008853312,165.92
4919,41.264625947397,1.99654965000427,27.5917008829344,166.12
4920,41.2646313307202,1.9965494433609,27.4897008796704,166.32
4921,41.2646366788169,1.9965496457189,27.3949008766368,166.52
4922,41.2646421259751,1.99654990787824,27.321500874288002,166.72
4923,41.2646474970784,1.99654991190146,27.246900871900802,166.92
4924,41.2646527959049,1.9965497019187,27.1881008700192,167.12
4925,41.264655588517,1.99654971352109,27.150800868825602,167.3
4926,41.2646582320418,1.99654971006773,27.124000867968,167.4
4927,41.2646635511913,1.99654957489645,27.0136008644352,167.52
4928,41.2646689356609,1.99654948543951,26.933400861868805,167.72
4929,41.2646743484785,1.99654952620744,26.863300859625603,167.92
4930,41.2646797337558,1.9965496399519,26.7903008572896,168.12
4931,41.2646851248173,1.99654967406384,26.7282008553024,168.32
4932,41.2646901364645,1.99654952903395,26.642600852563202,168.52
4933,41.2646953577249,1.99654940458748,26.562000849984,168.72
4934,41.2647007674159,1.99654925860023,26.4496008463872,168.92
4935,41.2647060923756,1.99654919575584,26.357800843449603,169.12
4936,41.2647112769765,1.99654895249314,26.2939008414048,169.32
4937,41.2647167359117,1.99654890436259,26.213700838838403,169.52
4938,41.2647220359627,1.99654904868585,26.1292008361344,169.72
4939,41.2647273693904,1.99654903553343,26.072600834323204,169.92
4940,41.2647328790287,1.99654889957575,26.000100832003202,170.12
4941,41.2647382532326,1.99654892645044,25.9131008292192,170.32
4942,41.2647435465094,1.99654895690387,25.854600827347202,170.52
4943,41.2647489701138,1.99654896681947,25.755000824160003,170.72
4944,41.2647516758582,1.99654896431208,25.712500822800003,170.82
4945,41.2647542575021,1.99654897335009,25.6909008221088,170.97
4946,41.2647595183142,1.99654911793548,25.596900819100803,171.12
4947,41.2647649617725,1.99654904665714,25.498600815955204,171.31
4948,41.264770503615,1.99654926519923,25.407100813027203,171.52
4949,41.2647758954061,1.99654926785479,25.308000809856,171.71
4950,41.2647784955491,1.99654918195378,25.250900808028803,171.81
4951,41.2647810685167,1.99654917120619,25.211800806777603,171.97
4952,41.2647864235701,1.99654923295644,25.1244008039808,172.11
4953,41.2647918803426,1.9965492533575,25.0444008014208,172.31
4954,41.264797301107,1.99654920078203,24.929000797728,172.51
4955,41.2648025636127,1.99654964792997,24.8443007950176,172.71
4956,41.2648079258313,1.9965496862133,24.747400791916803,172.91
4957,41.2648133700973,1.99654945413129,24.672000789504,173.11
4958,41.2648188911348,1.9965493305852,24.563000786016,173.31
4959,41.2648241985334,1.99654894331836,24.46750078296,173.51
4960,41.2648294133582,1.99654908382354,24.3882007804224,173.71
4961,41.2648320940115,1.99654911236223,24.3373007787936,173.81
4962,41.2648345880582,1.99654917102383,24.2951007774432,173.97
4963,41.2648399678119,1.99654914788743,24.2069007746208,174.11
4964,41.2648452284546,1.99654919338522,24.1187007717984,174.31
4965,41.264850457727,1.99654939841018,24.0318007690176,174.51
4966,41.2648557000009,1.99654945107683,23.9607007667424,174.71
4967,41.2648611664789,1.99654934272326,23.863800763641603,174.91
4968,41.2648666175975,1.9965492867856,23.7718007606976,175.11
4969,41.2648718124902,1.99654931044628,23.6686007573952,175.31
4970,41.2648745475596,1.99654929632509,23.6088007554816,175.45
4971,41.2648771543858,1.99654928327525,23.5677007541664,175.56
4972,41.2648825994205,1.99654924170952,23.4684007509888,175.71
4973,41.2648853895443,1.99654925227476,23.4309007497888,175.81
4974,41.2648880279623,1.99654926670367,23.378900748124803,175.96
4975,41.2648932944023,1.99654934232436,23.300500745616002,176.11
4976,41.2648985446621,1.99654937390611,23.2103007427296,176.31
4977,41.2649039262265,1.99654955138394,23.1149007396768,176.51
4978,41.2649092192818,1.99654956783016,23.005000736160003,176.71
4979,41.2649144477726,1.99654953913191,22.935900733948802,176.91
4980,41.2649196975373,1.996549693234,22.8493007311776,177.11
4981,41.2649249204522,1.99654958527934,22.780800728985604,177.3
4982,41.2649275930806,1.99654957483947,22.7379007276128,177.41
4983,41.2649301470865,1.99654956131094,22.7054007265728,177.56
4984,41.264935464347,1.99654949479664,22.623600723955203,177.7
4985,41.2649408048291,1.99654944678007,22.544000721408,177.9
4986,41.2649460245132,1.99654929976706,22.4762007192384,178.1
4987,41.2649513004112,1.9965492293891,22.404300716937602,178.3
4988,41.2649566638934,1.99654918419904,22.3331007146592,178.5
4989,41.2649619113393,1.99654911183796,22.264500712464002,178.7
4990,41.2649672573516,1.99654902102474,22.1956007102592,178.9
4991,41.2649727529071,1.99654874701228,22.1123007075936,179.1
4992,41.2649780632337,1.99654865290527,22.0451007054432,179.3
