,WPname,FPLlat,FPLlon,FPLalt,FPLvel,FPLturn,FPLwpt
0,Waypoint1,41.265035,1.99640653,27.0,9.0,64.0,CurvaturePassed
1,Waypoint2,41.26387541519116,1.996405487464239,27.0,10.0,64.0,CurvaturePassed
2,Waypoint3,41.26387972245818,1.987205431523914,27.0,10.0,9.0,CurvaturePassed
3,Waypoint4,41.26405958674894,1.9872055678897635,27.0,4.0,9.0,CurvaturePassed
4,Waypoint5,41.26429159450844,1.9872057437896726,17.0,0.0,0.2,LineStop
5,Hover10s,41.26429159450844,1.9872057437896726,17.0,5.0,0.2,LineStop
6,Waypoint6,41.26429159450844,1.9872057437896726,27.0,5.0,0.2,CurvaturePassed
7,Waypoint7,41.26405958674894,1.9872055678897635,37.0,10.0,12.0,CurvaturePassed
8,Waypoint8,41.263430061731285,1.9872050906117078,37.0,10.0,34.0,CurvaturePassed
9,Waypoint9,41.26342568198625,1.9965476394796913,37.0,10.0,34.0,CurvaturePassed
10,Waypoint10,41.26405520696725,1.9965482068221247,37.0,8.0,34.0,CurvaturePassed
11,Waypoint11,41.26503516,1.99654909,22.0,0.0,54.0,CurvaturePassed
