,WPname,FPLlat,FPLlon,FPLalt,FPLvel,FPLturn,FPLwpt
0,Waypoint1,41.26502089,1.99106893,27.0,3.0,53.0,CurvaturePassed
1,Waypoint2,41.26405786756837,1.9910681428990675,67.0,5.0,14.0,CurvaturePassed
2,Waypoint3,41.26378807113787,1.991067922392102,67.0,10.0,14.0,CurvaturePassed
3,Waypoint4,41.2637917369216,1.9824310030205838,67.0,5.0,14.0,CurvaturePassed
4,Waypoint5,41.264061533362984,1.9824311878435832,67.0,1.0,14.0,CurvaturePassed
5,Waypoint6,41.26438836965208,1.982431411743164,17.0,0.0,0.2,LineStop
6,Hover10s,41.26438836965208,1.982431411743164,17.0,3.0,0.2,LineStop
7,Waypoint7,41.26438836965208,1.982431411743164,27.0,3.0,0.2,CurvaturePassed
8,Waypoint8,41.264061533362984,1.9824311878435832,37.0,5.0,18.0,CurvaturePassed
9,Waypoint9,41.26343200833306,1.9824307565912325,37.0,10.0,34.0,CurvaturePassed
10,Waypoint10,41.26342827061901,1.9912231945323215,37.0,5.0,34.0,CurvaturePassed
11,Waypoint11,41.26405779562296,1.991223710545844,37.0,3.0,34.0,CurvaturePassed
12,Waypoint12,41.26502089,1.9912245,22.0,0.0,53.0,CurvaturePassed
