,WPname,FPLlat,FPLlon,FPLalt,FPLvel,FPLturn,FPLwpt
0,Waypoint1,41.265035,1.99640653,27.0,5.0,64.0,CurvaturePassed
1,Waypoint2,41.26387541519116,1.996405487464239,27.0,10.0,64.0,CurvaturePassed
2,Waypoint3,41.263876615038775,1.9939939631828607,27.0,5.0,9.0,CurvaturePassed
3,Waypoint4,41.264056479322406,1.9939941182468857,27.0,3.0,9.0,CurvaturePassed
4,Waypoint5,41.26440046653493,1.993994414806366,17.0,0.0,0.2,LineStop
5,Hover10s,41.26440046653493,1.993994414806366,17.0,3.0,0.2,LineStop
6,Waypoint6,41.26440046653493,1.993994414806366,27.0,3.0,0.2,CurvaturePassed
7,Waypoint7,41.264056479322406,1.9939941182468857,37.0,5.0,19.0,CurvaturePassed
8,Waypoint8,41.26342695432972,1.9939935755262204,37.0,10.0,34.0,CurvaturePassed
9,Waypoint9,41.26342568198625,1.9965476394796913,37.0,5.0,34.0,CurvaturePassed
10,Waypoint10,41.26405520696725,1.9965482068221247,37.0,3.0,34.0,CurvaturePassed
11,Waypoint11,41.26503516,1.99654909,22.0,0.0,54.0,CurvaturePassed
