,WPname,FPLlat,FPLlon,FPLalt,FPLvel,FPLturn,FPLwpt
0,Waypoint1,41.26502089,1.99106893,27.0,3.0,53.0,CurvaturePassed
1,Waypoint2,41.26405786756837,1.9910681428990675,77.0,10.0,39.0,CurvaturePassed
2,Waypoint3,41.263338410420324,1.9910675548839447,77.0,10.0,39.0,CurvaturePassed
3,Waypoint4,41.2633342217288,1.9994756505501845,77.0,10.0,39.0,CurvaturePassed
4,Waypoint5,41.26405367883288,1.9994763312005908,77.0,2.0,30.0,CurvaturePassed
5,Waypoint6,41.264602080919474,1.9994768500328066,17.0,0.0,0.2,LineStop
6,Hover10s,41.264602080919474,1.9994768500328066,17.0,3.0,0.2,LineStop
7,Waypoint7,41.264602080919474,1.9994768500328066,27.0,3.0,0.2,CurvaturePassed
8,Waypoint8,41.26405367883288,1.9994763312005908,67.0,10.0,14.0,CurvaturePassed
9,Waypoint9,41.26378388241886,1.9994760759548438,67.0,10.0,14.0,CurvaturePassed
10,Waypoint10,41.26378799919271,1.991223489396152,67.0,10.0,14.0,CurvaturePassed
11,Waypoint11,41.26405779562296,1.991223710545844,67.0,4.0,14.0,CurvaturePassed
12,Waypoint12,41.26502089,1.9912245,22.0,0.0,53.0,CurvaturePassed
